101101,101101@psa.br,123456,0
105105,105105@psa.br,123456,0
108108,108108@psa.br,123456,0
109109,109109@psa.br,123456,0
114114,114114@psa.br,123456,0
120120,120120@psa.br,123456,0
121121,121121@psa.br,123456,0
126126,126126@psa.br,123456,0
127127,127127@psa.br,123456,0
134134,134134@psa.br,123456,0
135135,135135@psa.br,123456,0
139139,139139@psa.br,123456,0
145145,145145@psa.br,123456,0
148148,148148@psa.br,123456,0
155155,155155@psa.br,123456,0
159159,159159@psa.br,123456,0
161161,161161@psa.br,123456,0
168168,168168@psa.br,123456,0
171171,171171@psa.br,123456,0
178178,178178@psa.br,123456,0
184184,184184@psa.br,123456,0
191191,191191@psa.br,123456,0
198198,198198@psa.br,123456,0
203203,203203@psa.br,123456,0
207207,207207@psa.br,123456,0
213213,213213@psa.br,123456,0
219219,219219@psa.br,123456,0
226226,226226@psa.br,123456,0
227227,227227@psa.br,123456,0
230230,230230@psa.br,123456,0
235235,235235@psa.br,123456,0
239239,239239@psa.br,123456,0
243243,243243@psa.br,123456,0
250250,250250@psa.br,123456,0
254254,254254@psa.br,123456,0
255255,255255@psa.br,123456,0
260260,260260@psa.br,123456,0
261261,261261@psa.br,123456,0
263263,263263@psa.br,123456,0
269269,269269@psa.br,123456,0
276276,276276@psa.br,123456,0
283283,283283@psa.br,123456,0
287287,287287@psa.br,123456,0
291291,291291@psa.br,123456,0
296296,296296@psa.br,123456,0
300300,300300@psa.br,123456,0
303303,303303@psa.br,123456,0
308308,308308@psa.br,123456,0
312312,312312@psa.br,123456,0
317317,317317@psa.br,123456,0
323323,323323@psa.br,123456,0
328328,328328@psa.br,123456,0
329329,329329@psa.br,123456,0
330330,330330@psa.br,123456,0
331331,331331@psa.br,123456,0
338338,338338@psa.br,123456,0
344344,344344@psa.br,123456,0
349349,349349@psa.br,123456,0
352352,352352@psa.br,123456,0
357357,357357@psa.br,123456,0
359359,359359@psa.br,123456,0
364364,364364@psa.br,123456,0
370370,370370@psa.br,123456,0
376376,376376@psa.br,123456,0
377377,377377@psa.br,123456,0
380380,380380@psa.br,123456,0
386386,386386@psa.br,123456,0
389389,389389@psa.br,123456,0
393393,393393@psa.br,123456,0
397397,397397@psa.br,123456,0
400400,400400@psa.br,123456,0
401401,401401@psa.br,123456,0
402402,402402@psa.br,123456,0
408408,408408@psa.br,123456,0
414414,414414@psa.br,123456,0
415415,415415@psa.br,123456,0
418418,418418@psa.br,123456,0
425425,425425@psa.br,123456,0
427427,427427@psa.br,123456,0
429429,429429@psa.br,123456,0
435435,435435@psa.br,123456,0
442442,442442@psa.br,123456,0
449449,449449@psa.br,123456,0
456456,456456@psa.br,123456,0
457457,457457@psa.br,123456,0
462462,462462@psa.br,123456,0
463463,463463@psa.br,123456,0
470470,470470@psa.br,123456,0
473473,473473@psa.br,123456,0
480480,480480@psa.br,123456,0
486486,486486@psa.br,123456,0
489489,489489@psa.br,123456,0
492492,492492@psa.br,123456,0
496496,496496@psa.br,123456,0
500500,500500@psa.br,123456,0
507507,507507@psa.br,123456,0
513513,513513@psa.br,123456,0
517517,517517@psa.br,123456,0
519519,519519@psa.br,123456,0
525525,525525@psa.br,123456,0
528528,528528@psa.br,123456,0
532532,532532@psa.br,123456,0
537537,537537@psa.br,123456,0
538538,538538@psa.br,123456,0
542542,542542@psa.br,123456,0
546546,546546@psa.br,123456,0
550550,550550@psa.br,123456,0
555555,555555@psa.br,123456,0
559559,559559@psa.br,123456,0
563563,563563@psa.br,123456,0
568568,568568@psa.br,123456,0
571571,571571@psa.br,123456,0
577577,577577@psa.br,123456,0
584584,584584@psa.br,123456,0
589589,589589@psa.br,123456,0
593593,593593@psa.br,123456,0
594594,594594@psa.br,123456,0
599599,599599@psa.br,123456,0
605605,605605@psa.br,123456,0
609609,609609@psa.br,123456,0
611611,611611@psa.br,123456,0
614614,614614@psa.br,123456,0
619619,619619@psa.br,123456,0
625625,625625@psa.br,123456,0
629629,629629@psa.br,123456,0
631631,631631@psa.br,123456,0
636636,636636@psa.br,123456,0
642642,642642@psa.br,123456,0
648648,648648@psa.br,123456,0
649649,649649@psa.br,123456,0
651651,651651@psa.br,123456,0
658658,658658@psa.br,123456,0
663663,663663@psa.br,123456,0
666666,666666@psa.br,123456,0
671671,671671@psa.br,123456,0
677677,677677@psa.br,123456,0
682682,682682@psa.br,123456,0
687687,687687@psa.br,123456,0
691691,691691@psa.br,123456,0
698698,698698@psa.br,123456,0
702702,702702@psa.br,123456,0
709709,709709@psa.br,123456,0
715715,715715@psa.br,123456,0
717717,717717@psa.br,123456,0
723723,723723@psa.br,123456,0
726726,726726@psa.br,123456,0
727727,727727@psa.br,123456,0
732732,732732@psa.br,123456,0
738738,738738@psa.br,123456,0
742742,742742@psa.br,123456,0
746746,746746@psa.br,123456,0
748748,748748@psa.br,123456,0
754754,754754@psa.br,123456,0
756756,756756@psa.br,123456,0
763763,763763@psa.br,123456,0
765765,765765@psa.br,123456,0
772772,772772@psa.br,123456,0
774774,774774@psa.br,123456,0
781781,781781@psa.br,123456,0
787787,787787@psa.br,123456,0
794794,794794@psa.br,123456,0
796796,796796@psa.br,123456,0
802802,802802@psa.br,123456,0
803803,803803@psa.br,123456,0
809809,809809@psa.br,123456,0
810810,810810@psa.br,123456,0
812812,812812@psa.br,123456,0
813813,813813@psa.br,123456,0
816816,816816@psa.br,123456,0
coordenador,coord@psa.br,123456,1
